metric,flat_mean,flat_std,hier_mean,hier_std,diff,diff_pct,t_stat,p_value,cohens_d,significant
recall,0.3422123015873016,0.3104468606749657,0.453125,0.3878605886486172,0.11091269841269841,32.41049427453254,2.2318770201243097,0.03042856280090162,0.3255527225647786,True
precision,0.1875,0.17984368212422697,0.1625,0.13326821326432897,-0.024999999999999994,-13.33333333333333,-1.1373556970672702,0.26115486099372376,-0.1659003790827993,False
mrr,0.5187499999999999,0.4515742140925823,0.3746527777777778,0.3637031372277685,-0.14409722222222215,-27.777777777777768,-2.584675954512345,0.012912282319050655,-0.3770137361297557,True
